experiment_id,page_size_P,alpha_max,seed,num_inserted_records,num_successful_searches,num_unsuccessful_searches,initial_buckets,final_primary_buckets,final_overflow_pages,final_total_pages,final_total_records,final_load_factor_global,real_space_utilization,overflow_page_percentage,num_splits,final_level,final_split_pointer,insert_total_page_accesses,insert_avg_page_accesses,successful_search_total_page_accesses,successful_search_avg_page_accesses,unsuccessful_search_total_page_accesses,unsuccessful_search_avg_page_accesses,insert_runtime_ms,successful_search_runtime_ms,unsuccessful_search_runtime_ms,total_runtime_ms
p10_a040_s42,10,0.4,42,100000,5000,5000,4,24588,412,25000,100000,0.4,0.4,1.648,24584,12,8204,494577,4.94577,5030,1.006,5137,1.0274,8949.210617,1.387268,1.340842,9013.749341
p10_a040_s43,10,0.4,43,100000,5000,5000,4,24609,391,25000,100000,0.4,0.4,1.564,24605,12,8225,494672,4.94672,5041,1.0082,5121,1.0242,8913.32576,1.327716,1.242611,8993.767356
p10_a040_s44,10,0.4,44,100000,5000,5000,4,24614,386,25000,100000,0.4,0.4,1.544,24610,12,8230,494105,4.94105,5042,1.0084,5099,1.0198,8958.842243,1.343363,1.205296,9037.687264
p10_a040_s45,10,0.4,45,100000,5000,5000,4,24629,371,25000,100000,0.4,0.4,1.484,24625,12,8245,494807,4.94807,5021,1.0042,5108,1.0216,9028.540035,1.15578,1.106549,9103.270667
p10_a040_s46,10,0.4,46,100000,5000,5000,4,24616,384,25000,100000,0.4,0.4,1.536,24612,12,8232,494053,4.94053,5031,1.0062,5136,1.0272,8914.974931,1.214925,1.132665,9019.322832
p10_a050_s42,10,0.5,42,100000,5000,5000,4,19327,673,20000,100000,0.5,0.5,3.365,19323,12,2943,497960,4.9796,5058,1.0116,5224,1.0448,7324.040375,1.055928,1.159689,7418.381377
p10_a050_s43,10,0.5,43,100000,5000,5000,4,19357,643,20000,100000,0.5,0.5,3.215,19353,12,2973,498842,4.98842,5061,1.0122,5195,1.039,7140.971394,1.144601,1.143031,7233.334221
p10_a050_s44,10,0.5,44,100000,5000,5000,4,19381,619,20000,100000,0.5,0.5,3.095,19377,12,2997,498304,4.98304,5065,1.013,5155,1.031,7100.44258,1.204285,1.145403,7187.833319
p10_a050_s45,10,0.5,45,100000,5000,5000,4,19402,598,20000,100000,0.5,0.5,2.99,19398,12,3018,499417,4.99417,5037,1.0074,5184,1.0368,7025.358343,1.092537,1.041426,7132.850775
p10_a050_s46,10,0.5,46,100000,5000,5000,4,19406,594,20000,100000,0.5,0.5,2.97,19402,12,3022,498244,4.98244,5057,1.0114,5191,1.0382,6966.822594,1.297307,1.263814,7030.908859
p10_a060_s42,10,0.6,42,100000,5000,5000,4,15157,1510,16667,100000,0.599988,0.599988,9.059819,15153,11,6965,525026,5.25026,5251,1.0502,5722,1.1444,5317.636051,1.275219,1.418539,5382.46319
p10_a060_s43,10,0.6,43,100000,5000,5000,4,15124,1543,16667,100000,0.599988,0.599988,9.257815,15120,11,6932,525748,5.25748,5231,1.0462,5721,1.1442,5351.680692,0.955269,1.049152,5457.641866
p10_a060_s44,10,0.6,44,100000,5000,5000,4,15200,1467,16667,100000,0.599988,0.599988,8.801824,15196,11,7008,525645,5.25645,5250,1.05,5670,1.134,5271.516011,1.0364,1.139277,5339.260852
p10_a060_s45,10,0.6,45,100000,5000,5000,4,15161,1506,16667,100000,0.599988,0.599988,9.035819,15157,11,6969,526418,5.26418,5217,1.0434,5762,1.1524,5352.332423,0.998138,1.112754,5450.725466
p10_a060_s46,10,0.6,46,100000,5000,5000,4,15190,1476,16666,100000,0.600024,0.600024,8.856354,15186,11,6998,524409,5.24409,5226,1.0452,5727,1.1454,5657.51964,0.830087,1.030999,5746.672372
p10_a075_s42,10,0.75,42,100000,5000,5000,4,7148,6190,13338,100000,0.749738,0.749738,46.408757,7144,10,3052,638718,6.38718,6892,1.3784,10049,2.0098,2888.768459,1.31018,1.928978,2970.813114
p10_a075_s43,10,0.75,43,100000,5000,5000,4,7190,6144,13334,100000,0.749963,0.749963,46.077696,7186,10,3094,639698,6.39698,6849,1.3698,9893,1.9786,3005.045611,1.14447,1.717367,3089.917328
p10_a075_s44,10,0.75,44,100000,5000,5000,4,7150,6185,13335,100000,0.749906,0.749906,46.381702,7146,10,3054,638204,6.38204,6876,1.3752,9996,1.9992,2881.825598,1.239776,1.99083,2995.189004
p10_a075_s45,10,0.75,45,100000,5000,5000,4,7191,6143,13334,100000,0.749963,0.749963,46.070196,7187,10,3095,637327,6.37327,6822,1.3644,9975,1.995,3036.356101,1.120887,1.641732,3127.51561
p10_a075_s46,10,0.75,46,100000,5000,5000,4,7184,6162,13346,100000,0.749288,0.749288,46.171137,7180,10,3088,637078,6.37078,6761,1.3522,9905,1.981,2860.188161,1.11691,1.638661,2953.335338
p10_a080_s42,10,0.8,42,100000,5000,5000,4,5449,7062,12511,100000,0.799297,0.799297,56.446327,5445,10,1353,740979,7.40979,8153,1.6306,12527,2.5054,2133.331928,1.347872,1.877348,2215.518236
p10_a080_s43,10,0.8,43,100000,5000,5000,4,5467,7035,12502,100000,0.799872,0.799872,56.270997,5463,10,1371,742880,7.4288,8041,1.6082,12385,2.477,2112.652907,1.34936,1.954692,2180.190438
p10_a080_s44,10,0.8,44,100000,5000,5000,4,5441,7059,12500,100000,0.8,0.8,56.472,5437,10,1345,740840,7.4084,8058,1.6116,12403,2.4806,2153.175815,1.302976,2.021285,2233.962592
p10_a080_s45,10,0.8,45,100000,5000,5000,4,5425,7076,12501,100000,0.799936,0.799936,56.603472,5421,10,1329,740135,7.40135,8072,1.6144,12542,2.5084,2162.337629,1.592228,2.205002,2233.014573
p10_a080_s46,10,0.8,46,100000,5000,5000,4,5460,7052,12512,100000,0.799233,0.799233,56.361893,5456,10,1364,736854,7.36854,7925,1.585,12458,2.4916,2148.984719,1.132976,1.885933,2225.438942
p10_a090_s42,10,0.9,42,100000,5000,5000,4,2466,8648,11114,100000,0.899766,0.899766,77.811769,2462,9,418,1209822,12.09822,13796,2.7592,24188,4.8376,1108.912138,2.302856,4.062843,1197.459475
p10_a090_s43,10,0.9,43,100000,5000,5000,4,2456,8656,11112,100000,0.899928,0.899928,77.897768,2452,9,408,1212088,12.12088,13831,2.7662,24188,4.8376,1078.129949,2.705389,4.367937,1190.836568
p10_a090_s44,10,0.9,44,100000,5000,5000,4,2455,8660,11115,100000,0.899685,0.899685,77.912731,2451,9,407,1209491,12.09491,13946,2.7892,24240,4.848,1073.943657,2.362299,4.106008,1146.513724
p10_a090_s45,10,0.9,45,100000,5000,5000,4,2450,8662,11112,100000,0.899928,0.899928,77.951764,2446,9,402,1213066,12.13066,13855,2.771,24342,4.8684,1112.405236,2.501185,4.191818,1181.95664
p10_a090_s46,10,0.9,46,100000,5000,5000,4,2428,8687,11115,100000,0.899685,0.899685,78.155646,2424,9,380,1206066,12.06066,13843,2.7686,24384,4.8768,1173.594569,2.403881,4.104114,1242.518378
p10_a095_s42,10,0.95,42,100000,5000,5000,4,1157,9370,10527,100000,0.949938,0.949938,89.009214,1153,8,133,2114015,21.14015,25805,5.161,47869,9.5738,635.917673,4.312778,7.579096,746.463828
p10_a095_s43,10,0.95,43,100000,5000,5000,4,1224,9304,10528,100000,0.949848,0.949848,88.37386,1220,8,200,2120506,21.20506,24646,4.9292,45955,9.191,653.085153,4.139248,7.276061,731.387413
p10_a095_s44,10,0.95,44,100000,5000,5000,4,1192,9338,10530,100000,0.949668,0.949668,88.679962,1188,8,168,2105311,21.05311,25228,5.0456,46895,9.379,630.644162,3.98013,7.005246,732.920826
p10_a095_s45,10,0.95,45,100000,5000,5000,4,1210,9319,10529,100000,0.949758,0.949758,88.50793,1206,8,186,2118998,21.18998,25182,5.0364,46687,9.3374,623.280737,3.71389,7.526362,717.417066
p10_a095_s46,10,0.95,46,100000,5000,5000,4,1172,9370,10542,100000,0.948587,0.948587,88.882565,1168,8,148,2112328,21.12328,25349,5.0698,47652,9.5304,624.151815,4.203875,6.954345,730.008849
p20_a040_s42,20,0.4,42,100000,5000,5000,4,12453,47,12500,100000,0.4,0.4,0.376,12449,11,4261,467872,4.67872,5007,1.0014,5033,1.0066,4546.471362,1.250463,1.192027,4616.460344
p20_a040_s43,20,0.4,43,100000,5000,5000,4,12443,57,12500,100000,0.4,0.4,0.456,12439,11,4251,467849,4.67849,5003,1.0006,5037,1.0074,4501.171591,1.325791,1.626313,4592.04592
p20_a040_s44,20,0.4,44,100000,5000,5000,4,12442,58,12500,100000,0.4,0.4,0.464,12438,11,4250,467538,4.67538,5003,1.0006,5029,1.0058,4566.305357,1.02265,1.126378,4648.354418
p20_a040_s45,20,0.4,45,100000,5000,5000,4,12433,67,12500,100000,0.4,0.4,0.536,12429,11,4241,467267,4.67267,5005,1.001,5046,1.0092,4568.491279,1.233341,1.290234,4675.250399
p20_a040_s46,20,0.4,46,100000,5000,5000,4,12450,50,12500,100000,0.4,0.4,0.4,12446,11,4258,467311,4.67311,5001,1.0002,5033,1.0066,4548.738128,1.042569,1.150204,4658.477763
p20_a050_s42,20,0.5,42,100000,5000,5000,4,9909,91,10000,100000,0.5,0.5,0.91,9905,11,1717,473053,4.73053,5009,1.0018,5062,1.0124,3643.176144,1.382584,1.327722,3774.913246
p20_a050_s43,20,0.5,43,100000,5000,5000,4,9904,96,10000,100000,0.5,0.5,0.96,9900,11,1712,472778,4.72778,5006,1.0012,5061,1.0122,3757.627392,1.338093,1.430414,3822.555265
p20_a050_s44,20,0.5,44,100000,5000,5000,4,9895,105,10000,100000,0.5,0.5,1.05,9891,11,1703,472266,4.72266,5010,1.002,5055,1.011,3582.824702,0.952026,1.155263,3650.383675
p20_a050_s45,20,0.5,45,100000,5000,5000,4,9898,102,10000,100000,0.5,0.5,1.02,9894,11,1706,472827,4.72827,5009,1.0018,5065,1.013,3625.706778,1.442998,1.726993,3715.615187
p20_a050_s46,20,0.5,46,100000,5000,5000,4,9915,85,10000,100000,0.5,0.5,0.85,9911,11,1723,472368,4.72368,5005,1.001,5046,1.0092,3609.323682,0.95251,1.136945,3674.242055
p20_a060_s42,20,0.6,42,100000,5000,5000,4,8215,119,8334,100000,0.599952,0.599952,1.427886,8211,11,23,515547,5.15547,5014,1.0028,5080,1.016,2824.817675,0.78139,1.049407,2930.108
p20_a060_s43,20,0.6,43,100000,5000,5000,4,8209,125,8334,100000,0.599952,0.599952,1.49988,8205,11,17,515936,5.15936,5009,1.0018,5079,1.0158,2774.457192,0.828692,1.127872,2871.986586
p20_a060_s44,20,0.6,44,100000,5000,5000,4,8210,124,8334,100000,0.599952,0.599952,1.487881,8206,11,18,515201,5.15201,5012,1.0024,5063,1.0126,2793.137528,0.947312,1.188249,2859.003277
p20_a060_s45,20,0.6,45,100000,5000,5000,4,8214,120,8334,100000,0.599952,0.599952,1.439885,8210,11,22,516187,5.16187,5010,1.002,5089,1.0178,2783.552941,0.863573,1.122164,2846.916164
p20_a060_s46,20,0.6,46,100000,5000,5000,4,8220,114,8334,100000,0.599952,0.599952,1.367891,8216,11,28,513241,5.13241,5008,1.0016,5066,1.0132,2948.323722,0.873172,1.116733,3014.11629
p20_a075_s42,20,0.75,42,100000,5000,5000,4,3275,3523,6798,100000,0.73551,0.73551,51.824066,3271,9,1227,620935,6.20935,7195,1.439,11231,2.2462,1494.93436,1.36749,2.413076,1559.25611
p20_a075_s43,20,0.75,43,100000,5000,5000,4,3197,3501,6698,100000,0.746491,0.746491,52.269334,3193,9,1149,628013,6.28013,7248,1.4496,11373,2.2746,1473.756096,1.6324,2.529882,1538.935457
p20_a075_s44,20,0.75,44,100000,5000,5000,4,3193,3542,6735,100000,0.74239,0.74239,52.590943,3189,9,1145,626826,6.26826,7274,1.4548,11389,2.2778,1473.323641,1.996802,2.787977,1542.243157
p20_a075_s45,20,0.75,45,100000,5000,5000,4,3211,3516,6727,100000,0.743273,0.743273,52.266984,3207,9,1163,622551,6.22551,7226,1.4452,11419,2.2838,1473.302721,1.436983,2.507508,1539.772219
p20_a075_s46,20,0.75,46,100000,5000,5000,4,3179,3559,6738,100000,0.74206,0.74206,52.819828,3175,9,1131,622999,6.22999,7316,1.4632,11474,2.2948,1508.948606,1.552965,2.602763,1619.311586
p20_a080_s42,20,0.8,42,100000,5000,5000,4,2396,3855,6251,100000,0.799872,0.799872,61.670133,2392,9,348,730716,7.30716,8417,1.6834,13733,2.7466,1099.564592,2.128191,3.65195,1188.894866
p20_a080_s43,20,0.8,43,100000,5000,5000,4,2458,3792,6250,100000,0.8,0.8,60.672,2454,9,410,740306,7.40306,8318,1.6636,13429,2.6858,1080.68163,2.188811,3.345506,1151.972086
p20_a080_s44,20,0.8,44,100000,5000,5000,4,2399,3853,6252,100000,0.799744,0.799744,61.628279,2395,9,351,733141,7.33141,8444,1.6888,13694,2.7388,1093.512344,2.094784,3.306327,1169.5935
p20_a080_s45,20,0.8,45,100000,5000,5000,4,2450,3801,6251,100000,0.799872,0.799872,60.806271,2446,9,402,737376,7.37376,8297,1.6594,13533,2.7066,1096.500591,2.1694,3.391743,1212.568573
p20_a080_s46,20,0.8,46,100000,5000,5000,4,2402,3848,6250,100000,0.8,0.8,61.568,2398,9,354,737091,7.37091,8396,1.6792,13675,2.735,1065.563213,2.119782,3.63503,1161.481932
p20_a090_s42,20,0.9,42,100000,5000,5000,4,1156,4401,5557,100000,0.899766,0.899766,79.197409,1152,8,132,1233665,12.33665,14242,2.8484,25229,5.0458,607.418874,3.363365,5.614102,710.946267
p20_a090_s43,20,0.9,43,100000,5000,5000,4,1208,4348,5556,100000,0.899928,0.899928,78.257739,1204,8,184,1247827,12.47827,13761,2.7522,24404,4.8808,619.959115,3.145543,5.662959,690.308513
p20_a090_s44,20,0.9,44,100000,5000,5000,4,1207,4355,5562,100000,0.898957,0.898957,78.299173,1203,8,183,1239397,12.39397,13862,2.7724,24485,4.897,623.795823,3.079708,6.081633,748.944582
p20_a090_s45,20,0.9,45,100000,5000,5000,4,1176,4382,5558,100000,0.899604,0.899604,78.84131,1172,8,152,1241867,12.41867,14119,2.8238,24989,4.9978,605.65466,3.283287,5.623345,706.311569
p20_a090_s46,20,0.9,46,100000,5000,5000,4,1157,4404,5561,100000,0.899119,0.899119,79.194389,1153,8,133,1234529,12.34529,14086,2.8172,25263,5.0526,617.538495,3.119705,5.857511,723.292524
p20_a095_s42,20,0.95,42,100000,5000,5000,4,579,4699,5278,100000,0.947329,0.947329,89.029936,575,7,67,2166276,21.66276,25716,5.1432,47974,9.5948,456.012716,5.466538,10.44421,575.165719
p20_a095_s43,20,0.95,43,100000,5000,5000,4,572,4695,5267,100000,0.949307,0.949307,89.139928,568,7,60,2172314,21.72314,25657,5.1314,48393,9.6786,446.531159,5.273846,10.322764,522.075429
p20_a095_s44,20,0.95,44,100000,5000,5000,4,579,4685,5264,100000,0.949848,0.949848,89.00076,575,7,67,2174901,21.74901,25578,5.1156,47807,9.5614,449.016603,5.609163,10.716519,533.740375
p20_a095_s45,20,0.95,45,100000,5000,5000,4,555,4718,5273,100000,0.948227,0.948227,89.474682,551,7,43,2159090,21.5909,26197,5.2394,49211,9.8422,463.295552,6.273746,11.987765,563.706041
p20_a095_s46,20,0.95,46,100000,5000,5000,4,559,4711,5270,100000,0.948767,0.948767,89.392789,555,7,47,2143328,21.43328,25783,5.1566,49173,9.8346,471.509373,5.831647,11.191087,657.053792
p30_a040_s42,30,0.4,42,100000,5000,5000,4,8334,0,8334,100000,0.399968,0.399968,0.0,8330,11,142,466780,4.6678,5000,1.0,5000,1.0,3228.72478,1.007521,1.250472,3293.557392
p30_a040_s43,30,0.4,43,100000,5000,5000,4,8334,0,8334,100000,0.399968,0.399968,0.0,8330,11,142,466873,4.66873,5000,1.0,5000,1.0,3069.020823,1.640848,1.868594,3174.379193
p30_a040_s44,30,0.4,44,100000,5000,5000,4,8334,0,8334,100000,0.399968,0.399968,0.0,8330,11,142,466762,4.66762,5000,1.0,5000,1.0,3047.872412,1.025991,1.257264,3142.931437
p30_a040_s45,30,0.4,45,100000,5000,5000,4,8334,0,8334,100000,0.399968,0.399968,0.0,8330,11,142,466395,4.66395,5000,1.0,5000,1.0,3208.967269,1.049455,1.158567,3272.592128
p30_a040_s46,30,0.4,46,100000,5000,5000,4,8334,0,8334,100000,0.399968,0.399968,0.0,8330,11,142,466481,4.66481,5000,1.0,5000,1.0,3059.875809,1.107264,1.236198,3166.445921
p30_a050_s42,30,0.5,42,100000,5000,5000,4,6470,197,6667,100000,0.499975,0.499975,2.954852,6466,10,2374,458101,4.58101,5028,1.0056,5230,1.046,2551.127984,1.03007,1.37063,2616.241805
p30_a050_s43,30,0.5,43,100000,5000,5000,4,6453,214,6667,100000,0.499975,0.499975,3.20984,6449,10,2357,458006,4.58006,5029,1.0058,5240,1.048,2437.132915,1.499995,1.997082,2519.106838
p30_a050_s44,30,0.5,44,100000,5000,5000,4,6454,213,6667,100000,0.499975,0.499975,3.19484,6450,10,2358,457858,4.57858,5029,1.0058,5260,1.052,2479.721786,1.434075,1.702687,2567.050664
p30_a050_s45,30,0.5,45,100000,5000,5000,4,6461,206,6667,100000,0.499975,0.499975,3.089846,6457,10,2365,457608,4.57608,5028,1.0056,5273,1.0546,2431.141115,1.137768,1.496338,2534.371616
p30_a050_s46,30,0.5,46,100000,5000,5000,4,6473,194,6667,100000,0.499975,0.499975,2.909855,6469,10,2377,457741,4.57741,5020,1.004,5236,1.0472,2471.509097,1.051755,1.435688,2594.811085
p30_a060_s42,30,0.6,42,100000,5000,5000,4,5218,338,5556,100000,0.599952,0.599952,6.083513,5214,10,1122,482404,4.82404,5054,1.0108,5408,1.0816,1972.62973,0.974776,1.684883,2056.020641
p30_a060_s43,30,0.6,43,100000,5000,5000,4,5212,344,5556,100000,0.599952,0.599952,6.191505,5208,10,1116,483714,4.83714,5050,1.01,5387,1.0774,1956.856353,1.15966,1.505443,2050.571725
p30_a060_s44,30,0.6,44,100000,5000,5000,4,5209,347,5556,100000,0.599952,0.599952,6.2455,5205,10,1113,482791,4.82791,5054,1.0108,5399,1.0798,1945.032488,0.934965,1.465827,2027.532665
p30_a060_s45,30,0.6,45,100000,5000,5000,4,5221,335,5556,100000,0.599952,0.599952,6.029518,5217,10,1125,483050,4.8305,5042,1.0084,5432,1.0864,1964.084011,1.330435,1.695096,2053.005114
p30_a060_s46,30,0.6,46,100000,5000,5000,4,5231,325,5556,100000,0.599952,0.599952,5.849532,5227,10,1135,481402,4.81402,5034,1.0068,5399,1.0798,1954.51765,1.278218,1.6172,2052.900197
p30_a075_s42,30,0.75,42,100000,5000,5000,4,3519,926,4445,100000,0.749906,0.749906,20.832396,3515,9,1471,646309,6.46309,5607,1.1214,6912,1.3824,1095.713413,1.466483,2.169559,1161.57527
p30_a075_s43,30,0.75,43,100000,5000,5000,4,3248,1197,4445,100000,0.749906,0.749906,26.929134,3244,9,1200,660940,6.6094,5837,1.1674,7507,1.5014,1067.114196,1.938209,2.770641,1162.775652
p30_a075_s44,30,0.75,44,100000,5000,5000,4,3379,1068,4447,100000,0.749569,0.749569,24.016191,3375,9,1331,660018,6.60018,5691,1.1382,7133,1.4266,1089.522742,1.510336,2.505638,1156.118788
p30_a075_s45,30,0.75,45,100000,5000,5000,4,3412,1033,4445,100000,0.749906,0.749906,23.239595,3408,9,1364,662080,6.6208,5707,1.1414,7175,1.435,1129.553849,1.562165,2.359784,1198.71232
p30_a075_s46,30,0.75,46,100000,5000,5000,4,3440,1008,4448,100000,0.7494,0.7494,22.661871,3436,9,1392,665156,6.65156,5645,1.129,7023,1.4046,1065.26552,1.655749,2.416591,1131.352639
p30_a080_s42,30,0.8,42,100000,5000,5000,4,1939,2229,4168,100000,0.799744,0.799744,53.478887,1935,8,915,750183,7.50183,7381,1.4762,11187,2.2374,780.266245,2.12815,3.707965,871.782234
p30_a080_s43,30,0.8,43,100000,5000,5000,4,1946,2221,4167,100000,0.799936,0.799936,53.299736,1942,8,922,762241,7.62241,7317,1.4634,11106,2.2212,809.950999,1.985397,3.547827,882.577494
p30_a080_s44,30,0.8,44,100000,5000,5000,4,1954,2214,4168,100000,0.799744,0.799744,53.119002,1950,8,930,760998,7.60998,7292,1.4584,11004,2.2008,780.944462,2.249275,3.699817,873.568594
p30_a080_s45,30,0.8,45,100000,5000,5000,4,1972,2195,4167,100000,0.799936,0.799936,52.675786,1968,8,948,762398,7.62398,7236,1.4472,10859,2.1718,770.708311,1.900889,3.444979,874.991421
p30_a080_s46,30,0.8,46,100000,5000,5000,4,1966,2201,4167,100000,0.799936,0.799936,52.819774,1962,8,942,762925,7.62925,7230,1.446,10965,2.193,775.539005,2.290336,3.730745,875.551665
p30_a090_s42,30,0.9,42,100000,5000,5000,4,744,2966,3710,100000,0.898473,0.898473,79.946092,740,7,232,1228710,12.2871,15448,3.0896,27693,5.5386,525.563915,4.679235,8.514933,602.998932
p30_a090_s43,30,0.9,43,100000,5000,5000,4,741,2966,3707,100000,0.8992,0.8992,80.01079,737,7,229,1231043,12.31043,15143,3.0286,27692,5.5384,495.057695,4.787176,9.280359,602.461014
p30_a090_s44,30,0.9,44,100000,5000,5000,4,746,2974,3720,100000,0.896057,0.896057,79.946237,742,7,234,1232821,12.32821,15193,3.0386,27742,5.5484,496.418648,4.642521,9.494257,624.627668
p30_a090_s45,30,0.9,45,100000,5000,5000,4,751,2954,3705,100000,0.899685,0.899685,79.730094,747,7,239,1238013,12.38013,15336,3.0672,27493,5.4986,488.81674,4.845988,9.112489,566.853773
p30_a090_s46,30,0.9,46,100000,5000,5000,4,749,2964,3713,100000,0.897747,0.897747,79.827633,745,7,237,1237312,12.37312,15116,3.0232,27561,5.5122,512.085679,4.055036,8.425376,623.681151
p30_a095_s42,30,0.95,42,100000,5000,5000,4,388,3124,3512,100000,0.949127,0.949127,88.952164,384,6,132,2158954,21.58954,26885,5.377,50528,10.1056,466.513021,8.355804,16.005188,553.246158
p30_a095_s43,30,0.95,43,100000,5000,5000,4,370,3148,3518,100000,0.947508,0.947508,89.482661,366,6,114,2162334,21.62334,27972,5.5944,53419,10.6838,454.361735,8.147391,15.918048,559.277482
p30_a095_s44,30,0.95,44,100000,5000,5000,4,369,3146,3515,100000,0.948317,0.948317,89.502134,365,6,113,2163034,21.63034,27824,5.5648,52423,10.4846,465.549528,8.764078,16.65795,569.741257
p30_a095_s45,30,0.95,45,100000,5000,5000,4,386,3124,3510,100000,0.949668,0.949668,89.002849,382,6,130,2156482,21.56482,27081,5.4162,51222,10.2444,452.048342,7.984695,16.241218,567.106579
p30_a095_s46,30,0.95,46,100000,5000,5000,4,384,3135,3519,100000,0.947239,0.947239,89.087809,380,6,128,2132277,21.32277,26917,5.3834,51263,10.2526,459.586428,8.257392,15.908036,559.45243
p40_a040_s42,40,0.4,42,100000,5000,5000,4,6247,3,6250,100000,0.4,0.4,0.048,6243,10,2151,454353,4.54353,5001,1.0002,5003,1.0006,2285.030916,1.020622,1.447613,2353.777425
p40_a040_s43,40,0.4,43,100000,5000,5000,4,6246,4,6250,100000,0.4,0.4,0.064,6242,10,2150,454438,4.54438,5000,1.0,5001,1.0002,2254.504096,1.147646,1.500041,2331.740846
p40_a040_s44,40,0.4,44,100000,5000,5000,4,6245,5,6250,100000,0.4,0.4,0.08,6241,10,2149,454349,4.54349,5000,1.0,5002,1.0004,2575.18345,1.31437,1.632405,2660.204564
p40_a040_s45,40,0.4,45,100000,5000,5000,4,6248,2,6250,100000,0.4,0.4,0.032,6244,10,2152,454031,4.54031,5000,1.0,5002,1.0004,2362.460189,1.346036,1.756682,2431.75861
p40_a040_s46,40,0.4,46,100000,5000,5000,4,6247,3,6250,100000,0.4,0.4,0.048,6243,10,2151,454328,4.54328,5000,1.0,5007,1.0014,2352.492532,1.303974,1.71955,2458.466055
p40_a050_s42,40,0.5,42,100000,5000,5000,4,4995,5,5000,100000,0.5,0.5,0.1,4991,10,899,458424,4.58424,5003,1.0006,5004,1.0008,1869.57658,1.09643,1.560987,1971.721804
p40_a050_s43,40,0.5,43,100000,5000,5000,4,4995,5,5000,100000,0.5,0.5,0.1,4991,10,899,458992,4.58992,5000,1.0,5001,1.0002,1967.263708,1.38651,1.89744,2053.652367
p40_a050_s44,40,0.5,44,100000,5000,5000,4,4993,7,5000,100000,0.5,0.5,0.14,4989,10,897,458117,4.58117,5000,1.0,5004,1.0008,1996.5594,1.473538,1.814855,2096.318348
p40_a050_s45,40,0.5,45,100000,5000,5000,4,4997,3,5000,100000,0.5,0.5,0.06,4993,10,901,458490,4.5849,5000,1.0,5003,1.0006,1910.557388,1.222936,1.793608,1976.592741
p40_a050_s46,40,0.5,46,100000,5000,5000,4,4997,3,5000,100000,0.5,0.5,0.06,4993,10,901,457868,4.57868,5000,1.0,5007,1.0014,1872.932616,1.105347,1.536584,1938.32588
p40_a060_s42,40,0.6,42,100000,5000,5000,4,4160,7,4167,100000,0.599952,0.599952,0.167987,4156,10,64,506594,5.06594,5003,1.0006,5009,1.0018,1540.038984,0.965065,1.607392,1628.529053
p40_a060_s43,40,0.6,43,100000,5000,5000,4,4161,6,4167,100000,0.599952,0.599952,0.143988,4157,10,65,507969,5.07969,5000,1.0,5001,1.0002,1526.877444,1.344618,1.750488,1614.552704
p40_a060_s44,40,0.6,44,100000,5000,5000,4,4159,8,4167,100000,0.599952,0.599952,0.191985,4155,10,63,506131,5.06131,5000,1.0,5004,1.0008,1466.764838,1.210077,1.588663,1535.826158
p40_a060_s45,40,0.6,45,100000,5000,5000,4,4164,3,4167,100000,0.599952,0.599952,0.071994,4160,10,68,506520,5.0652,5000,1.0,5003,1.0006,1470.797082,1.285731,1.86165,1572.497299
p40_a060_s46,40,0.6,46,100000,5000,5000,4,4164,3,4167,100000,0.599952,0.599952,0.071994,4160,10,68,504935,5.04935,5000,1.0,5007,1.0014,1518.662195,1.383225,1.772851,1644.121091
p40_a075_s42,40,0.75,42,100000,5000,5000,4,2054,1820,3874,100000,0.645328,0.645328,46.979866,2050,9,6,547030,5.4703,5938,1.1876,9445,1.889,980.067984,1.707864,3.165378,1100.876165
p40_a075_s43,40,0.75,43,100000,5000,5000,4,2054,1784,3838,100000,0.651381,0.651381,46.482543,2050,9,6,558890,5.5889,5909,1.1818,9322,1.8644,959.933869,1.690975,3.246987,1033.113912
p40_a075_s44,40,0.75,44,100000,5000,5000,4,2067,1793,3860,100000,0.647668,0.647668,46.450777,2063,9,19,551894,5.51894,5921,1.1842,9382,1.8764,1024.382898,1.887574,3.487471,1136.413464
p40_a075_s45,40,0.75,45,100000,5000,5000,4,2055,1807,3862,100000,0.647333,0.647333,46.789228,2051,9,7,563684,5.63684,5899,1.1798,9395,1.879,954.096169,1.776524,3.23322,1030.312171
p40_a075_s46,40,0.75,46,100000,5000,5000,4,2000,1827,3827,100000,0.653253,0.653253,47.739744,1996,8,976,548008,5.48008,6053,1.2106,9705,1.941,940.36391,2.068125,3.65502,1013.2672
p40_a080_s42,40,0.8,42,100000,5000,5000,4,1387,1933,3320,100000,0.753012,0.753012,58.222892,1383,8,363,691446,6.91446,7871,1.5742,12905,2.581,709.698322,2.661122,5.197193,832.412758
p40_a080_s43,40,0.8,43,100000,5000,5000,4,1338,1943,3281,100000,0.761963,0.761963,59.21975,1334,8,314,687271,6.87271,7927,1.5854,13127,2.6254,688.553251,2.484778,5.077845,805.164927
p40_a080_s44,40,0.8,44,100000,5000,5000,4,1380,1935,3315,100000,0.754148,0.754148,58.371041,1376,8,356,689032,6.89032,7818,1.5636,12917,2.5834,703.20962,2.687867,4.779792,798.203278
p40_a080_s45,40,0.8,45,100000,5000,5000,4,1378,1941,3319,100000,0.753239,0.753239,58.48147,1374,8,354,693982,6.93982,7898,1.5796,12957,2.5914,684.898488,2.500783,4.791887,756.646098
p40_a080_s46,40,0.8,46,100000,5000,5000,4,1305,1975,3280,100000,0.762195,0.762195,60.213415,1301,8,281,691665,6.91665,8059,1.6118,13420,2.684,671.916757,2.699184,5.435575,779.950956
p40_a090_s42,40,0.9,42,100000,5000,5000,4,589,2191,2780,100000,0.899281,0.899281,78.81295,585,7,77,1200870,12.0087,14076,2.8152,24891,4.9782,438.846153,4.970332,9.526936,522.609534
p40_a090_s43,40,0.9,43,100000,5000,5000,4,592,2187,2779,100000,0.899604,0.899604,78.697373,588,7,80,1210235,12.10235,13903,2.7806,24860,4.972,455.329468,5.039963,9.548854,532.368984
p40_a090_s44,40,0.9,44,100000,5000,5000,4,596,2182,2778,100000,0.899928,0.899928,78.545716,592,7,84,1204882,12.04882,13842,2.7684,24603,4.9206,441.184934,4.716254,9.357146,519.847213
p40_a090_s45,40,0.9,45,100000,5000,5000,4,575,2207,2782,100000,0.898634,0.898634,79.331416,571,7,63,1221597,12.21597,14218,2.8436,25384,5.0768,436.395036,4.751799,9.398834,511.849435
p40_a090_s46,40,0.9,46,100000,5000,5000,4,565,2219,2784,100000,0.897989,0.897989,79.70546,561,7,53,1215164,12.15164,14169,2.8338,25745,5.149,429.87105,5.091031,9.684273,507.46157
p40_a095_s42,40,0.95,42,100000,5000,5000,4,282,2357,2639,100000,0.947329,0.947329,89.314134,278,6,26,2144022,21.44022,26011,5.2022,49038,9.8076,486.690994,10.082669,19.073168,580.395459
p40_a095_s43,40,0.95,43,100000,5000,5000,4,280,2355,2635,100000,0.948767,0.948767,89.373814,276,6,24,2139524,21.39524,25816,5.1632,49073,9.8146,510.224644,9.657976,18.847364,629.145506
p40_a095_s44,40,0.95,44,100000,5000,5000,4,308,2332,2640,100000,0.94697,0.94697,88.333333,304,6,52,2143643,21.43643,24561,4.9122,45909,9.1818,487.660376,9.256848,17.717401,579.630066
p40_a095_s45,40,0.95,45,100000,5000,5000,4,269,2367,2636,100000,0.948407,0.948407,89.795144,265,6,13,2136652,21.36652,26602,5.3204,50043,10.0086,497.965667,9.91056,19.723069,604.823077
p40_a095_s46,40,0.95,46,100000,5000,5000,4,277,2366,2643,100000,0.945895,0.945895,89.519485,273,6,21,2134772,21.34772,25901,5.1802,49480,9.896,498.75256,10.036619,19.548126,623.797508
p50_a040_s42,50,0.4,42,100000,5000,5000,4,5000,0,5000,100000,0.4,0.4,0.0,4996,10,904,453022,4.53022,5000,1.0,5000,1.0,1984.468976,1.226134,1.784109,2052.701704
p50_a040_s43,50,0.4,43,100000,5000,5000,4,5000,0,5000,100000,0.4,0.4,0.0,4996,10,904,453123,4.53123,5000,1.0,5000,1.0,1981.399342,1.345575,1.620737,2062.793556
p50_a040_s44,50,0.4,44,100000,5000,5000,4,5000,0,5000,100000,0.4,0.4,0.0,4996,10,904,452694,4.52694,5000,1.0,5000,1.0,1942.655707,1.675764,2.146788,2033.747221
p50_a040_s45,50,0.4,45,100000,5000,5000,4,5000,0,5000,100000,0.4,0.4,0.0,4996,10,904,452902,4.52902,5000,1.0,5000,1.0,1895.859793,1.111483,1.569152,2011.317415
p50_a040_s46,50,0.4,46,100000,5000,5000,4,5000,0,5000,100000,0.4,0.4,0.0,4996,10,904,452765,4.52765,5000,1.0,5000,1.0,1895.410013,1.311936,1.683294,1963.224301
p50_a050_s42,50,0.5,42,100000,5000,5000,4,3927,73,4000,100000,0.5,0.5,1.825,3923,9,1879,458829,4.58829,5023,1.0046,5189,1.0378,1690.72759,1.192888,1.813309,1758.908655
p50_a050_s43,50,0.5,43,100000,5000,5000,4,3932,68,4000,100000,0.5,0.5,1.7,3928,9,1884,459737,4.59737,5024,1.0048,5169,1.0338,1556.304911,1.021882,1.630825,1672.878341
p50_a050_s44,50,0.5,44,100000,5000,5000,4,3926,74,4000,100000,0.5,0.5,1.85,3922,9,1878,458499,4.58499,5012,1.0024,5194,1.0388,1521.745569,1.160268,1.755865,1602.115045
p50_a050_s45,50,0.5,45,100000,5000,5000,4,3928,72,4000,100000,0.5,0.5,1.8,3924,9,1880,458376,4.58376,5026,1.0052,5186,1.0372,1525.084984,1.386556,2.000343,1641.094144
p50_a050_s46,50,0.5,46,100000,5000,5000,4,3924,77,4001,100000,0.499875,0.499875,1.924519,3920,9,1876,457520,4.5752,5016,1.0032,5181,1.0362,1540.631435,1.121692,1.669557,1636.480499
p50_a060_s42,50,0.6,42,100000,5000,5000,4,2861,474,3335,100000,0.5997,0.5997,14.212894,2857,9,813,463757,4.63757,5131,1.0262,6173,1.2346,1228.437828,1.642414,2.609153,1330.894004
p50_a060_s43,50,0.6,43,100000,5000,5000,4,2800,539,3339,100000,0.598982,0.598982,16.142558,2796,9,752,462471,4.62471,5146,1.0292,6301,1.2602,1280.036038,1.614892,2.678705,1356.740653
p50_a060_s44,50,0.6,44,100000,5000,5000,4,2851,494,3345,100000,0.597907,0.597907,14.768311,2847,9,803,463648,4.63648,5134,1.0268,6223,1.2446,1287.417924,1.458319,2.522809,1366.841238
p50_a060_s45,50,0.6,45,100000,5000,5000,4,2807,531,3338,100000,0.599161,0.599161,15.907729,2803,9,759,461724,4.61724,5139,1.0278,6292,1.2584,1216.4667,1.776193,2.950588,1284.711315
p50_a060_s46,50,0.6,46,100000,5000,5000,4,2822,520,3342,100000,0.598444,0.598444,15.559545,2818,9,774,459222,4.59222,5140,1.028,6257,1.2514,1238.65337,1.608036,2.662614,1333.002143
p50_a075_s42,50,0.75,42,100000,5000,5000,4,2108,776,2884,100000,0.693481,0.693481,26.907074,2104,9,60,566959,5.66959,5220,1.044,6896,1.3792,849.912022,4.188155,6.99717,988.12358
p50_a075_s43,50,0.75,43,100000,5000,5000,4,2095,813,2908,100000,0.687758,0.687758,27.957359,2091,9,47,567500,5.675,5224,1.0448,7029,1.4058,824.423482,1.892084,3.147392,937.060925
p50_a075_s44,50,0.75,44,100000,5000,5000,4,2115,782,2897,100000,0.690369,0.690369,26.993441,2111,9,67,567545,5.67545,5212,1.0424,6951,1.3902,851.445253,1.781674,3.115399,958.696175
p50_a075_s45,50,0.75,45,100000,5000,5000,4,2116,818,2934,100000,0.681663,0.681663,27.880027,2112,9,68,571849,5.71849,5220,1.044,6981,1.3962,829.207773,1.906964,3.061868,955.313725
p50_a075_s46,50,0.75,46,100000,5000,5000,4,2096,798,2894,100000,0.691085,0.691085,27.574292,2092,9,48,569803,5.69803,5204,1.0408,6947,1.3894,823.167814,1.703414,3.144852,926.464439
p50_a080_s42,50,0.8,42,100000,5000,5000,4,1515,1132,2647,100000,0.755572,0.755572,42.765395,1511,8,491,677654,6.77654,6433,1.2866,9705,1.941,649.599254,2.403483,4.596072,720.66658
p50_a080_s43,50,0.8,43,100000,5000,5000,4,1496,1132,2628,100000,0.761035,0.761035,43.074581,1492,8,472,690537,6.90537,6463,1.2926,9593,1.9186,636.623302,2.376612,4.301875,733.425183
p50_a080_s44,50,0.8,44,100000,5000,5000,4,1468,1158,2626,100000,0.761615,0.761615,44.097487,1464,8,444,693938,6.93938,6570,1.314,9761,1.9522,609.499416,2.699144,4.516194,704.529522
p50_a080_s45,50,0.8,45,100000,5000,5000,4,1535,1128,2663,100000,0.751033,0.751033,42.358243,1531,8,511,702250,7.0225,6430,1.286,9502,1.9004,604.192859,2.341752,4.136516,679.476704
p50_a080_s46,50,0.8,46,100000,5000,5000,4,1506,1140,2646,100000,0.755858,0.755858,43.0839,1502,8,482,709108,7.09108,6440,1.288,9608,1.9216,589.980227,2.479995,4.415294,687.368213
p50_a090_s42,50,0.9,42,100000,5000,5000,4,541,1703,2244,100000,0.891266,0.891266,75.891266,537,7,29,1181756,11.81756,12222,2.4444,21228,4.2456,421.436503,4.857409,8.950593,496.745603
p50_a090_s43,50,0.9,43,100000,5000,5000,4,524,1704,2228,100000,0.897666,0.897666,76.481149,520,7,12,1184885,11.84885,12254,2.4508,21502,4.3004,415.009741,4.909511,9.30046,517.36112
p50_a090_s44,50,0.9,44,100000,5000,5000,4,550,1681,2231,100000,0.896459,0.896459,75.347378,546,7,38,1206363,12.06363,12078,2.4156,20889,4.1778,430.312082,4.571502,9.053877,520.850499
p50_a090_s45,50,0.9,45,100000,5000,5000,4,513,1720,2233,100000,0.895656,0.895656,77.026422,509,7,1,1211132,12.11132,12446,2.4892,21750,4.35,423.886806,4.605525,9.811948,500.511499
p50_a090_s46,50,0.9,46,100000,5000,5000,4,502,1733,2235,100000,0.894855,0.894855,77.53915,498,6,246,1184528,11.84528,12788,2.5576,22637,4.5274,423.557028,5.225449,10.71059,530.574465
p50_a095_s42,50,0.95,42,100000,5000,5000,4,222,1884,2106,100000,0.949668,0.949668,89.458689,218,5,94,2108674,21.08674,27533,5.5066,51809,10.3618,539.025191,13.213703,24.361529,645.148532
p50_a095_s43,50,0.95,43,100000,5000,5000,4,216,1890,2106,100000,0.949668,0.949668,89.74359,212,5,88,2168051,21.68051,28186,5.6372,54056,10.8112,555.725591,13.072032,25.094566,661.882131
p50_a095_s44,50,0.95,44,100000,5000,5000,4,235,1874,2109,100000,0.948317,0.948317,88.857278,231,5,107,2134244,21.34244,25650,5.13,48160,9.632,556.142205,10.945254,21.165755,679.524953
p50_a095_s45,50,0.95,45,100000,5000,5000,4,237,1883,2120,100000,0.943396,0.943396,88.820755,233,5,109,2128203,21.28203,25384,5.0768,47368,9.4736,538.943468,11.009373,21.292557,658.888994
p50_a095_s46,50,0.95,46,100000,5000,5000,4,223,1889,2112,100000,0.94697,0.94697,89.441288,219,5,95,2102519,21.02519,27195,5.439,51621,10.3242,537.800685,11.501521,21.812451,630.986351
p60_a040_s42,60,0.4,42,100000,5000,5000,4,4167,0,4167,100000,0.399968,0.399968,0.0,4163,10,71,457461,4.57461,5000,1.0,5000,1.0,1561.593703,1.525931,1.900783,1625.403643
p60_a040_s43,60,0.4,43,100000,5000,5000,4,4167,0,4167,100000,0.399968,0.399968,0.0,4163,10,71,457679,4.57679,5000,1.0,5000,1.0,1525.855581,0.939662,1.611335,1612.924132
p60_a040_s44,60,0.4,44,100000,5000,5000,4,4167,0,4167,100000,0.399968,0.399968,0.0,4163,10,71,457271,4.57271,5000,1.0,5000,1.0,1530.086879,1.302397,1.791919,1615.968446
p60_a040_s45,60,0.4,45,100000,5000,5000,4,4167,0,4167,100000,0.399968,0.399968,0.0,4163,10,71,457234,4.57234,5000,1.0,5000,1.0,1564.649325,1.230648,1.668303,1639.571775
p60_a040_s46,60,0.4,46,100000,5000,5000,4,4167,0,4167,100000,0.399968,0.399968,0.0,4163,10,71,457348,4.57348,5000,1.0,5000,1.0,1599.118737,1.491479,2.191985,1662.088709
p60_a050_s42,60,0.5,42,100000,5000,5000,4,3294,40,3334,100000,0.4999,0.4999,1.19976,3290,9,1246,450597,4.50597,5007,1.0014,5100,1.02,1231.617031,1.27202,1.954885,1306.016868
p60_a050_s43,60,0.5,43,100000,5000,5000,4,3285,49,3334,100000,0.4999,0.4999,1.469706,3281,9,1237,450576,4.50576,5006,1.0012,5131,1.0262,1299.077207,1.224065,2.163458,1360.678631
p60_a050_s44,60,0.5,44,100000,5000,5000,4,3292,42,3334,100000,0.4999,0.4999,1.259748,3288,9,1244,450701,4.50701,5008,1.0016,5089,1.0178,1321.73979,1.519102,2.756434,1486.922569
p60_a050_s45,60,0.5,45,100000,5000,5000,4,3300,34,3334,100000,0.4999,0.4999,1.019796,3296,9,1252,450985,4.50985,5003,1.0006,5088,1.0176,1235.793031,1.325277,2.117909,1314.848497
p60_a050_s46,60,0.5,46,100000,5000,5000,4,3305,29,3334,100000,0.4999,0.4999,0.869826,3301,9,1257,450743,4.50743,5003,1.0006,5074,1.0148,1287.866644,1.554343,2.327524,1362.581124
p60_a060_s42,60,0.6,42,100000,5000,5000,4,2713,67,2780,100000,0.59952,0.59952,2.410072,2709,9,665,482443,4.82443,5015,1.003,5177,1.0354,1000.927969,1.462365,2.433466,1080.035747
p60_a060_s43,60,0.6,43,100000,5000,5000,4,2687,91,2778,100000,0.599952,0.599952,3.275738,2683,9,639,482230,4.8223,5013,1.0026,5215,1.043,1006.019067,1.450446,2.340613,1092.289188
p60_a060_s44,60,0.6,44,100000,5000,5000,4,2706,72,2778,100000,0.599952,0.599952,2.591793,2702,9,658,481521,4.81521,5014,1.0028,5153,1.0306,988.667613,1.386234,2.231066,1058.821222
p60_a060_s45,60,0.6,45,100000,5000,5000,4,2718,60,2778,100000,0.599952,0.599952,2.159827,2714,9,670,482458,4.82458,5013,1.0026,5151,1.0302,993.028455,1.31809,2.252462,1082.368096
p60_a060_s46,60,0.6,46,100000,5000,5000,4,2712,66,2778,100000,0.599952,0.599952,2.37581,2708,9,664,478574,4.78574,5008,1.0016,5160,1.032,1003.699843,1.468127,2.267784,1080.68279
p60_a075_s42,60,0.75,42,100000,5000,5000,4,2113,111,2224,100000,0.7494,0.7494,4.991007,2109,9,65,604820,6.0482,5020,1.004,5274,1.0548,669.35198,1.801707,2.989485,748.792881
p60_a075_s43,60,0.75,43,100000,5000,5000,4,2112,111,2223,100000,0.749738,0.749738,4.993252,2108,9,64,606897,6.06897,5014,1.0028,5258,1.0516,678.957125,1.339826,2.445665,777.102051
p60_a075_s44,60,0.75,44,100000,5000,5000,4,2122,101,2223,100000,0.749738,0.749738,4.54341,2118,9,74,606078,6.06078,5017,1.0034,5219,1.0438,697.912303,1.383079,2.537449,759.937738
p60_a075_s45,60,0.75,45,100000,5000,5000,4,2130,93,2223,100000,0.749738,0.749738,4.183536,2126,9,82,608834,6.08834,5023,1.0046,5241,1.0482,680.298592,1.513639,2.551126,748.786876
p60_a075_s46,60,0.75,46,100000,5000,5000,4,2122,101,2223,100000,0.749738,0.749738,4.54341,2118,9,74,609561,6.09561,5012,1.0024,5244,1.0488,698.757076,1.812737,2.795173,778.265593
p60_a080_s42,60,0.8,42,100000,5000,5000,4,1293,791,2084,100000,0.799744,0.799744,37.955854,1289,8,269,663330,6.6333,6445,1.289,8777,1.7554,547.450255,2.356774,4.582602,613.570453
p60_a080_s43,60,0.8,43,100000,5000,5000,4,1301,782,2083,100000,0.800128,0.800128,37.542007,1297,8,277,672066,6.72066,6384,1.2768,8691,1.7382,552.151051,2.104157,3.981628,620.4711
p60_a080_s44,60,0.8,44,100000,5000,5000,4,1281,804,2085,100000,0.799361,0.799361,38.561151,1277,8,257,696027,6.96027,6452,1.2904,8841,1.7682,523.165095,2.230983,4.513108,603.558061
p60_a080_s45,60,0.8,45,100000,5000,5000,4,1234,850,2084,100000,0.799744,0.799744,40.786948,1230,8,210,699579,6.99579,6569,1.3138,9109,1.8218,507.490527,2.345357,4.252616,577.994189
p60_a080_s46,60,0.8,46,100000,5000,5000,4,1231,853,2084,100000,0.799744,0.799744,40.930902,1227,8,207,710055,7.10055,6529,1.3058,9105,1.821,518.57426,2.353323,4.527684,585.079073
p60_a090_s42,60,0.9,42,100000,5000,5000,4,395,1492,1887,100000,0.883236,0.883236,79.067303,391,6,139,1144092,11.44092,14566,2.9132,26369,5.2738,410.975471,6.880769,13.30895,490.127262
p60_a090_s43,60,0.9,43,100000,5000,5000,4,423,1495,1918,100000,0.868961,0.868961,77.945777,419,6,167,1134390,11.3439,13640,2.728,24905,4.981,420.713221,6.520793,12.376723,523.428555
p60_a090_s44,60,0.9,44,100000,5000,5000,4,427,1493,1920,100000,0.868056,0.868056,77.760417,423,6,171,1142938,11.42938,13565,2.713,24371,4.8742,415.902695,5.921963,12.118243,498.119404
p60_a090_s45,60,0.9,45,100000,5000,5000,4,398,1486,1884,100000,0.884643,0.884643,78.874735,394,6,142,1159071,11.59071,14498,2.8996,26284,5.2568,418.618016,6.709914,13.587779,512.576956
p60_a090_s46,60,0.9,46,100000,5000,5000,4,426,1487,1913,100000,0.871232,0.871232,77.731312,422,6,170,1134027,11.34027,13501,2.7002,24575,4.915,412.01812,6.189682,12.231443,497.888207
p60_a095_s42,60,0.95,42,100000,5000,5000,4,187,1574,1761,100000,0.946432,0.946432,89.381034,183,5,59,2065141,20.65141,27759,5.5518,52572,10.5144,568.506484,13.231556,26.041945,687.784969
p60_a095_s43,60,0.95,43,100000,5000,5000,4,190,1567,1757,100000,0.948587,0.948587,89.186113,186,5,62,2105057,21.05057,27202,5.4404,52073,10.4146,595.431944,13.086107,26.852127,697.442542
p60_a095_s44,60,0.95,44,100000,5000,5000,4,184,1575,1759,100000,0.947508,0.947508,89.539511,180,5,56,2101128,21.01128,28358,5.6716,53442,10.6884,579.587893,14.592167,27.973897,683.183541
p60_a095_s45,60,0.95,45,100000,5000,5000,4,192,1567,1759,100000,0.947508,0.947508,89.084707,188,5,64,2096766,20.96766,27345,5.469,51343,10.2686,577.303849,13.073589,24.676158,692.637063
p60_a095_s46,60,0.95,46,100000,5000,5000,4,190,1574,1764,100000,0.944822,0.944822,89.229025,186,5,62,2051987,20.51987,27253,5.4506,52212,10.4424,578.934157,12.901664,26.495431,696.142334
p70_a040_s42,70,0.4,42,100000,5000,5000,4,3569,3,3572,100000,0.399936,0.399936,0.083987,3565,9,1521,451262,4.51262,5002,1.0004,5007,1.0014,1383.67478,1.927823,2.692959,1462.582563
p70_a040_s43,70,0.4,43,100000,5000,5000,4,3571,1,3572,100000,0.399936,0.399936,0.027996,3567,9,1523,451530,4.5153,5000,1.0,5005,1.001,1399.069943,1.373854,1.977184,1481.411291
p70_a040_s44,70,0.4,44,100000,5000,5000,4,3571,1,3572,100000,0.399936,0.399936,0.027996,3567,9,1523,451417,4.51417,5000,1.0,5003,1.0006,1320.592554,1.17354,1.859297,1394.528559
p70_a040_s45,70,0.4,45,100000,5000,5000,4,3572,0,3572,100000,0.399936,0.399936,0.0,3568,9,1524,451605,4.51605,5000,1.0,5000,1.0,1324.672867,1.570324,2.116851,1387.428028
p70_a040_s46,70,0.4,46,100000,5000,5000,4,3572,0,3572,100000,0.399936,0.399936,0.0,3568,9,1524,451639,4.51639,5000,1.0,5000,1.0,1400.376059,1.390678,1.886474,1483.038255
p70_a050_s42,70,0.5,42,100000,5000,5000,4,2855,3,2858,100000,0.49985,0.49985,0.104969,2851,9,807,449866,4.49866,5002,1.0004,5007,1.0014,1085.932012,1.273945,2.209867,1148.714672
p70_a050_s43,70,0.5,43,100000,5000,5000,4,2854,4,2858,100000,0.49985,0.49985,0.139958,2850,9,806,449865,4.49865,5000,1.0,5015,1.003,1067.854944,1.286306,2.171547,1145.908881
p70_a050_s44,70,0.5,44,100000,5000,5000,4,2854,4,2858,100000,0.49985,0.49985,0.139958,2850,9,806,449988,4.49988,5000,1.0,5009,1.0018,1074.592323,1.364654,2.324479,1151.100913
p70_a050_s45,70,0.5,45,100000,5000,5000,4,2857,1,2858,100000,0.49985,0.49985,0.03499,2853,9,809,450060,4.5006,5000,1.0,5001,1.0002,1085.183352,1.487736,2.401675,1164.055611
p70_a050_s46,70,0.5,46,100000,5000,5000,4,2855,3,2858,100000,0.49985,0.49985,0.104969,2851,9,807,449544,4.49544,5000,1.0,5011,1.0022,1071.236015,1.303545,2.102204,1152.225846
p70_a060_s42,70,0.6,42,100000,5000,5000,4,2378,3,2381,100000,0.599988,0.599988,0.125997,2374,9,330,493014,4.93014,5002,1.0004,5007,1.0014,901.049985,1.386512,2.40632,1022.737661
p70_a060_s43,70,0.6,43,100000,5000,5000,4,2377,4,2381,100000,0.599988,0.599988,0.167997,2373,9,329,493872,4.93872,5000,1.0,5015,1.003,842.377872,1.432747,2.348465,921.076847
p70_a060_s44,70,0.6,44,100000,5000,5000,4,2375,6,2381,100000,0.599988,0.599988,0.251995,2371,9,327,493046,4.93046,5000,1.0,5015,1.003,859.364589,1.639584,2.369656,921.691105
p70_a060_s45,70,0.6,45,100000,5000,5000,4,2378,3,2381,100000,0.599988,0.599988,0.125997,2374,9,330,492703,4.92703,5000,1.0,5004,1.0008,886.43873,1.448862,2.42565,961.487591
p70_a060_s46,70,0.6,46,100000,5000,5000,4,2378,3,2381,100000,0.599988,0.599988,0.125997,2374,9,330,489284,4.89284,5000,1.0,5011,1.0022,899.160194,1.60954,2.527778,962.613214
p70_a075_s42,70,0.75,42,100000,5000,5000,4,1099,946,2045,100000,0.698568,0.698568,46.259169,1095,8,75,526966,5.26966,6368,1.2736,9600,1.92,596.55044,2.315424,4.631947,663.464234
p70_a075_s43,70,0.75,43,100000,5000,5000,4,1084,963,2047,100000,0.697885,0.697885,47.044455,1080,8,60,527203,5.27203,6348,1.2696,9717,1.9434,584.401237,2.295266,4.665723,661.073035
p70_a075_s44,70,0.75,44,100000,5000,5000,4,1076,970,2046,100000,0.698227,0.698227,47.40958,1072,8,52,526777,5.26777,6336,1.2672,9730,1.946,587.707176,2.510732,4.560236,670.945098
p70_a075_s45,70,0.75,45,100000,5000,5000,4,1085,961,2046,100000,0.698227,0.698227,46.969697,1081,8,61,528863,5.28863,6319,1.2638,9676,1.9352,606.167665,2.394242,4.698524,685.030738
p70_a075_s46,70,0.75,46,100000,5000,5000,4,1077,969,2046,100000,0.698227,0.698227,47.360704,1073,8,53,528099,5.28099,6310,1.262,9752,1.9504,581.37018,2.765531,5.197823,659.949234
p70_a080_s42,70,0.8,42,100000,5000,5000,4,967,1028,1995,100000,0.716076,0.716076,51.528822,963,7,455,585661,5.85661,6804,1.3608,10571,2.1142,545.182818,2.823279,5.243469,627.446778
p70_a080_s43,70,0.8,43,100000,5000,5000,4,923,1036,1959,100000,0.729235,0.729235,52.884125,919,7,411,567412,5.67412,7062,1.4124,11109,2.2218,545.362262,3.034114,5.411877,627.110253
p70_a080_s44,70,0.8,44,100000,5000,5000,4,850,1051,1901,100000,0.751484,0.751484,55.286691,846,7,338,605631,6.05631,7468,1.4936,11927,2.3854,497.365717,3.264209,6.398099,565.750347
p70_a080_s45,70,0.8,45,100000,5000,5000,4,900,1043,1943,100000,0.73524,0.73524,53.679876,896,7,388,606261,6.06261,7167,1.4334,11425,2.285,523.822297,2.853385,5.836035,602.335713
p70_a080_s46,70,0.8,46,100000,5000,5000,4,843,1050,1893,100000,0.75466,0.75466,55.467512,839,7,331,601364,6.01364,7552,1.5104,12102,2.4204,509.081752,3.191376,6.630381,594.444188
p70_a090_s42,70,0.9,42,100000,5000,5000,4,454,1139,1593,100000,0.896781,0.896781,71.500314,450,6,198,1128210,11.2821,11292,2.2584,18909,3.7818,417.278619,5.572664,11.051959,504.368929
p70_a090_s43,70,0.9,43,100000,5000,5000,4,428,1166,1594,100000,0.896218,0.896218,73.14931,424,6,172,1107454,11.07454,11957,2.3914,20582,4.1164,414.354461,6.194127,12.061819,502.483882
p70_a090_s44,70,0.9,44,100000,5000,5000,4,414,1174,1588,100000,0.899604,0.899604,73.929471,410,6,158,1138519,11.38519,12324,2.4648,21044,4.2088,427.165165,6.209568,12.013052,505.159158
p70_a090_s45,70,0.9,45,100000,5000,5000,4,431,1157,1588,100000,0.899604,0.899604,72.858942,427,6,175,1156569,11.56569,11793,2.3586,20337,4.0674,425.593954,5.950435,11.814273,502.218913
p70_a090_s46,70,0.9,46,100000,5000,5000,4,449,1146,1595,100000,0.895656,0.895656,71.84953,445,6,193,1152774,11.52774,11350,2.27,19284,3.8568,425.405712,5.279236,10.96355,501.116789
p70_a095_s42,70,0.95,42,100000,5000,5000,4,158,1351,1509,100000,0.946701,0.946701,89.52949,154,5,30,1986835,19.86835,27491,5.4982,51967,10.3934,608.088597,14.998579,30.986289,723.679768
p70_a095_s43,70,0.95,43,100000,5000,5000,4,161,1350,1511,100000,0.945448,0.945448,89.344805,157,5,33,2048164,20.48164,26900,5.38,51381,10.2762,631.008742,14.913114,28.855085,735.478231
p70_a095_s44,70,0.95,44,100000,5000,5000,4,164,1349,1513,100000,0.944198,0.944198,89.160608,160,5,36,2039476,20.39476,26829,5.3658,50691,10.1382,624.1454,14.521457,29.941759,744.751113
p70_a095_s45,70,0.95,45,100000,5000,5000,4,160,1347,1507,100000,0.947957,0.947957,89.38288,156,5,32,2031844,20.31844,27221,5.4442,51251,10.2502,626.006495,14.889953,30.410545,745.939216
p70_a095_s46,70,0.95,46,100000,5000,5000,4,162,1348,1510,100000,0.946074,0.946074,89.271523,158,5,34,2002275,20.02275,26796,5.3592,51144,10.2288,621.151469,15.403416,30.154963,726.224002
p80_a040_s42,80,0.4,42,100000,5000,5000,4,3125,0,3125,100000,0.4,0.4,0.0,3121,9,1077,447854,4.47854,5000,1.0,5000,1.0,1185.168999,1.328009,2.32731,1246.35363
p80_a040_s43,80,0.4,43,100000,5000,5000,4,3125,0,3125,100000,0.4,0.4,0.0,3121,9,1077,447879,4.47879,5000,1.0,5000,1.0,1185.170514,1.245754,2.068315,1268.133405
p80_a040_s44,80,0.4,44,100000,5000,5000,4,3125,0,3125,100000,0.4,0.4,0.0,3121,9,1077,447749,4.47749,5000,1.0,5000,1.0,1173.893827,1.54863,2.235731,1253.123256
p80_a040_s45,80,0.4,45,100000,5000,5000,4,3125,0,3125,100000,0.4,0.4,0.0,3121,9,1077,448065,4.48065,5000,1.0,5000,1.0,1164.120936,1.521573,2.364535,1225.44473
p80_a040_s46,80,0.4,46,100000,5000,5000,4,3125,0,3125,100000,0.4,0.4,0.0,3121,9,1077,447626,4.47626,5000,1.0,5000,1.0,1205.830982,1.275878,2.083928,1268.695444
p80_a050_s42,80,0.5,42,100000,5000,5000,4,2500,0,2500,100000,0.5,0.5,0.0,2496,9,452,450864,4.50864,5000,1.0,5000,1.0,959.834123,1.655181,2.522927,1029.558395
p80_a050_s43,80,0.5,43,100000,5000,5000,4,2500,0,2500,100000,0.5,0.5,0.0,2496,9,452,450812,4.50812,5000,1.0,5000,1.0,948.297492,1.433725,2.480476,1010.622154
p80_a050_s44,80,0.5,44,100000,5000,5000,4,2500,0,2500,100000,0.5,0.5,0.0,2496,9,452,450944,4.50944,5000,1.0,5000,1.0,958.936892,1.517713,2.642857,1033.416708
p80_a050_s45,80,0.5,45,100000,5000,5000,4,2500,0,2500,100000,0.5,0.5,0.0,2496,9,452,450630,4.5063,5000,1.0,5000,1.0,990.640159,1.478222,2.380765,1053.776418
p80_a050_s46,80,0.5,46,100000,5000,5000,4,2500,0,2500,100000,0.5,0.5,0.0,2496,9,452,450432,4.50432,5000,1.0,5000,1.0,972.294994,1.824815,2.78713,1037.817067
p80_a060_s42,80,0.6,42,100000,5000,5000,4,2084,0,2084,100000,0.599808,0.599808,0.0,2080,9,36,504497,5.04497,5000,1.0,5000,1.0,752.696456,1.468268,2.418047,830.582153
p80_a060_s43,80,0.6,43,100000,5000,5000,4,2084,0,2084,100000,0.599808,0.599808,0.0,2080,9,36,505195,5.05195,5000,1.0,5000,1.0,743.613689,1.389514,2.553378,807.383835
p80_a060_s44,80,0.6,44,100000,5000,5000,4,2084,0,2084,100000,0.599808,0.599808,0.0,2080,9,36,502602,5.02602,5000,1.0,5000,1.0,756.773167,1.486175,2.767479,829.392554
p80_a060_s45,80,0.6,45,100000,5000,5000,4,2084,0,2084,100000,0.599808,0.599808,0.0,2080,9,36,502868,5.02868,5000,1.0,5000,1.0,737.688408,1.333097,2.781994,810.617082
p80_a060_s46,80,0.6,46,100000,5000,5000,4,2084,0,2084,100000,0.599808,0.599808,0.0,2080,9,36,500256,5.00256,5000,1.0,5000,1.0,758.263573,1.505563,2.707655,821.719548
p80_a075_s42,80,0.75,42,100000,5000,5000,4,1103,905,2008,100000,0.62251,0.62251,45.069721,1099,8,79,531883,5.31883,5886,1.1772,9385,1.877,582.801658,2.545052,4.907901,667.021142
p80_a075_s43,80,0.75,43,100000,5000,5000,4,1097,907,2004,100000,0.623752,0.623752,45.259481,1093,8,73,530715,5.30715,5859,1.1718,9450,1.89,579.577708,2.445843,4.487971,710.234303
p80_a075_s44,80,0.75,44,100000,5000,5000,4,1090,911,2001,100000,0.624688,0.624688,45.527236,1086,8,66,530016,5.30016,5843,1.1686,9463,1.8926,556.785355,2.351957,4.715593,631.050491
p80_a075_s45,80,0.75,45,100000,5000,5000,4,1092,908,2000,100000,0.625,0.625,45.4,1088,8,68,533510,5.3351,5842,1.1684,9408,1.8816,560.551584,2.488692,4.463994,626.419191
p80_a075_s46,80,0.75,46,100000,5000,5000,4,1083,929,2012,100000,0.621272,0.621272,46.172962,1079,8,59,531098,5.31098,5827,1.1654,9555,1.911,577.194117,2.543636,4.805049,655.55647
p80_a080_s42,80,0.8,42,100000,5000,5000,4,990,981,1971,100000,0.634196,0.634196,49.771689,986,7,478,582963,5.82963,6129,1.2258,10082,2.0164,511.909241,2.534958,4.864574,588.632607
p80_a080_s43,80,0.8,43,100000,5000,5000,4,991,978,1969,100000,0.63484,0.63484,49.669883,987,7,479,568790,5.6879,6109,1.2218,10105,2.021,532.675935,2.74496,4.919653,600.783045
p80_a080_s44,80,0.8,44,100000,5000,5000,4,939,985,1924,100000,0.649688,0.649688,51.195426,935,7,427,568646,5.68646,6395,1.279,10608,2.1216,512.969927,2.705918,5.329352,591.360656
p80_a080_s45,80,0.8,45,100000,5000,5000,4,943,976,1919,100000,0.651381,0.651381,50.859823,939,7,431,584961,5.84961,6332,1.2664,10551,2.1102,501.282799,2.860408,5.341426,571.464471
p80_a080_s46,80,0.8,46,100000,5000,5000,4,867,995,1862,100000,0.671321,0.671321,53.437164,863,7,355,575527,5.75527,6800,1.36,11421,2.2842,497.059252,2.895591,5.902132,597.878124
p80_a090_s42,80,0.9,42,100000,5000,5000,4,299,1093,1392,100000,0.897989,0.897989,78.520115,295,6,43,1020741,10.20741,13924,2.7848,24842,4.9684,405.085344,7.510439,14.930387,490.163621
p80_a090_s43,80,0.9,43,100000,5000,5000,4,330,1081,1411,100000,0.885897,0.885897,76.612332,326,6,74,1001938,10.01938,13100,2.62,23314,4.6628,413.987922,7.908335,15.595627,521.590148
p80_a090_s44,80,0.9,44,100000,5000,5000,4,317,1077,1394,100000,0.8967,0.8967,77.259684,313,6,61,1050507,10.50507,13366,2.6732,23567,4.7134,423.713674,8.254105,15.46048,508.267832
p80_a090_s45,80,0.9,45,100000,5000,5000,4,326,1088,1414,100000,0.884017,0.884017,76.944837,322,6,70,1066439,10.66439,13334,2.6668,23604,4.7208,427.279458,8.185805,15.520696,522.461945
p80_a090_s46,80,0.9,46,100000,5000,5000,4,304,1095,1399,100000,0.893495,0.893495,78.270193,300,6,48,1056795,10.56795,13618,2.7236,24656,4.9312,409.60156,7.427264,15.777845,506.986747
p80_a095_s42,80,0.95,42,100000,5000,5000,4,143,1175,1318,100000,0.948407,0.948407,89.150228,139,5,15,1918990,19.1899,25739,5.1478,48348,9.6696,643.243421,16.129942,30.730376,753.588831
p80_a095_s43,80,0.95,43,100000,5000,5000,4,144,1173,1317,100000,0.949127,0.949127,89.066059,140,5,16,2002031,20.02031,25403,5.0806,48137,9.6274,664.197916,14.794813,31.774512,769.367263
p80_a095_s44,80,0.95,44,100000,5000,5000,4,144,1172,1316,100000,0.949848,0.949848,89.057751,140,5,16,2011659,20.11659,25565,5.113,48099,9.6198,669.360001,16.405556,31.658538,777.129343
p80_a095_s45,80,0.95,45,100000,5000,5000,4,155,1167,1322,100000,0.945537,0.945537,88.27534,151,5,27,1990348,19.90348,24582,4.9164,45935,9.187,658.053455,15.098401,29.280343,761.353868
p80_a095_s46,80,0.95,46,100000,5000,5000,4,158,1164,1322,100000,0.945537,0.945537,88.048411,154,5,30,1997366,19.97366,24205,4.841,45528,9.1056,660.505706,14.14068,28.443719,767.325577
p90_a040_s42,90,0.4,42,100000,5000,5000,4,2778,0,2778,100000,0.399968,0.399968,0.0,2774,9,730,446855,4.46855,5000,1.0,5000,1.0,1108.514576,1.676997,2.474414,1188.667596
p90_a040_s43,90,0.4,43,100000,5000,5000,4,2778,0,2778,100000,0.399968,0.399968,0.0,2774,9,730,446565,4.46565,5000,1.0,5000,1.0,1068.663539,1.327444,2.334154,1148.3306
p90_a040_s44,90,0.4,44,100000,5000,5000,4,2778,0,2778,100000,0.399968,0.399968,0.0,2774,9,730,446633,4.46633,5000,1.0,5000,1.0,1064.350826,1.476001,2.397153,1126.739882
p90_a040_s45,90,0.4,45,100000,5000,5000,4,2778,0,2778,100000,0.399968,0.399968,0.0,2774,9,730,446906,4.46906,5000,1.0,5000,1.0,1041.22136,1.554852,2.433137,1114.890479
p90_a040_s46,90,0.4,46,100000,5000,5000,4,2778,0,2778,100000,0.399968,0.399968,0.0,2774,9,730,446944,4.46944,5000,1.0,5000,1.0,1047.497266,1.570748,2.433638,1118.437025
p90_a050_s42,90,0.5,42,100000,5000,5000,4,2223,0,2223,100000,0.499825,0.499825,0.0,2219,9,175,453369,4.53369,5000,1.0,5000,1.0,878.416537,1.430715,2.332699,951.032145
p90_a050_s43,90,0.5,43,100000,5000,5000,4,2223,0,2223,100000,0.499825,0.499825,0.0,2219,9,175,453968,4.53968,5000,1.0,5000,1.0,906.777375,1.478644,2.453287,989.908164
p90_a050_s44,90,0.5,44,100000,5000,5000,4,2223,0,2223,100000,0.499825,0.499825,0.0,2219,9,175,453946,4.53946,5000,1.0,5000,1.0,862.956249,1.446371,2.45097,943.542588
p90_a050_s45,90,0.5,45,100000,5000,5000,4,2223,0,2223,100000,0.499825,0.499825,0.0,2219,9,175,453576,4.53576,5000,1.0,5000,1.0,863.682639,1.44819,2.41958,927.805978
p90_a050_s46,90,0.5,46,100000,5000,5000,4,2223,0,2223,100000,0.499825,0.499825,0.0,2219,9,175,453202,4.53202,5000,1.0,5000,1.0,857.364472,1.535831,2.723311,938.444382
p90_a060_s42,90,0.6,42,100000,5000,5000,4,1448,462,1910,100000,0.581734,0.581734,24.188482,1444,8,424,450742,4.50742,5260,1.052,7279,1.4558,701.159749,2.303233,4.208887,784.013117
p90_a060_s43,90,0.6,43,100000,5000,5000,4,1448,463,1911,100000,0.581429,0.581429,24.228153,1444,8,424,451895,4.51895,5279,1.0558,7232,1.4464,703.686705,2.08142,4.046422,769.633677
p90_a060_s44,90,0.6,44,100000,5000,5000,4,1471,446,1917,100000,0.579609,0.579609,23.265519,1467,8,447,452183,4.52183,5235,1.047,7180,1.436,694.120239,2.345609,4.308225,761.140874
p90_a060_s45,90,0.6,45,100000,5000,5000,4,1457,445,1902,100000,0.58418,0.58418,23.396425,1453,8,433,451655,4.51655,5253,1.0506,7194,1.4388,725.063025,2.129094,4.008964,801.755703
p90_a060_s46,90,0.6,46,100000,5000,5000,4,1470,423,1893,100000,0.586958,0.586958,22.345483,1466,8,446,450484,4.50484,5219,1.0438,7068,1.4136,686.516588,1.984695,3.778225,765.798381
p90_a075_s42,90,0.75,42,100000,5000,5000,4,1113,718,1831,100000,0.606833,0.606833,39.213545,1109,8,89,538207,5.38207,5404,1.0808,8513,1.7026,539.440868,2.328989,4.295282,604.583735
p90_a075_s43,90,0.75,43,100000,5000,5000,4,1103,718,1821,100000,0.610165,0.610165,39.428885,1099,8,79,538011,5.38011,5413,1.0826,8515,1.703,549.215252,2.260279,4.519765,613.949717
p90_a075_s44,90,0.75,44,100000,5000,5000,4,1110,713,1823,100000,0.609496,0.609496,39.111355,1106,8,86,536298,5.36298,5404,1.0808,8457,1.6914,531.786621,2.233969,4.284119,608.302101
p90_a075_s45,90,0.75,45,100000,5000,5000,4,1113,716,1829,100000,0.607497,0.607497,39.147075,1109,8,89,540492,5.40492,5426,1.0852,8485,1.697,528.537158,2.329627,4.473079,605.209992
p90_a075_s46,90,0.75,46,100000,5000,5000,4,1099,724,1823,100000,0.609496,0.609496,39.714756,1095,8,75,538807,5.38807,5383,1.0766,8544,1.7088,545.904983,2.524874,4.6784,639.002551
p90_a080_s42,90,0.8,42,100000,5000,5000,4,1036,775,1811,100000,0.613535,0.613535,42.794036,1032,8,12,576717,5.76717,5433,1.0866,8796,1.7592,495.693407,2.414374,4.850854,583.415959
p90_a080_s43,90,0.8,43,100000,5000,5000,4,1031,768,1799,100000,0.617627,0.617627,42.690384,1027,8,7,577763,5.77763,5436,1.0872,8763,1.7526,490.854955,2.469902,4.831958,575.673458
p90_a080_s44,90,0.8,44,100000,5000,5000,4,1023,783,1806,100000,0.615233,0.615233,43.355482,1019,7,511,574435,5.74435,5446,1.0892,8808,1.7616,488.587436,2.464353,4.930952,571.364121
p90_a080_s45,90,0.8,45,100000,5000,5000,4,1033,776,1809,100000,0.614213,0.614213,42.896628,1029,8,9,579956,5.79956,5448,1.0896,8771,1.7542,499.441617,2.222824,4.914506,569.958033
p90_a080_s46,90,0.8,46,100000,5000,5000,4,1013,785,1798,100000,0.617971,0.617971,43.659622,1009,7,501,580888,5.80888,5483,1.0966,8915,1.783,486.21385,2.395384,4.499336,552.12491
p90_a090_s42,90,0.9,42,100000,5000,5000,4,283,1000,1283,100000,0.866026,0.866026,77.942323,279,6,27,1004432,10.04432,12997,2.5994,23611,4.7222,412.628021,7.768927,16.398878,506.512666
p90_a090_s43,90,0.9,43,100000,5000,5000,4,326,994,1320,100000,0.841751,0.841751,75.30303,322,6,70,991649,9.91649,12049,2.4098,21996,4.3992,425.548146,7.694472,15.250517,521.435968
p90_a090_s44,90,0.9,44,100000,5000,5000,4,319,999,1318,100000,0.843028,0.843028,75.796662,315,6,63,1011240,10.1124,12186,2.4372,22043,4.4086,427.679361,7.837516,15.512771,509.98721
p90_a090_s45,90,0.9,45,100000,5000,5000,4,336,983,1319,100000,0.842389,0.842389,74.526156,332,6,80,1024643,10.24643,11916,2.3832,21399,4.2798,427.817589,8.271308,15.124342,522.221023
p90_a090_s46,90,0.9,46,100000,5000,5000,4,335,988,1323,100000,0.839842,0.839842,74.67876,331,6,79,1022601,10.22601,11834,2.3668,21549,4.3098,440.135457,7.126315,15.098896,595.987826
p90_a095_s42,90,0.95,42,100000,5000,5000,4,126,1046,1172,100000,0.948047,0.948047,89.249147,122,4,62,1872478,18.72478,25164,5.0328,47189,9.4378,675.559686,17.180062,35.821704,806.263029
p90_a095_s43,90,0.95,43,100000,5000,5000,4,131,1039,1170,100000,0.949668,0.949668,88.803419,127,5,3,1975570,19.7557,23985,4.797,45202,9.0404,707.800706,16.38924,33.624338,824.78744
p90_a095_s44,90,0.95,44,100000,5000,5000,4,132,1038,1170,100000,0.949668,0.949668,88.717949,128,5,4,2000019,20.00019,24013,4.8026,44950,8.99,721.429405,16.905802,33.906791,835.689528
p90_a095_s45,90,0.95,45,100000,5000,5000,4,137,1035,1172,100000,0.948047,0.948047,88.31058,133,5,9,1901890,19.0189,23748,4.7496,44038,8.8076,699.583172,15.808953,33.47347,813.42974
p90_a095_s46,90,0.95,46,100000,5000,5000,4,132,1039,1171,100000,0.948857,0.948857,88.727583,128,5,4,1929981,19.29981,23833,4.7666,45092,9.0184,706.799775,16.597131,35.170842,817.757664
p100_a040_s42,100,0.4,42,100000,5000,5000,4,2500,0,2500,100000,0.4,0.4,0.0,2496,9,452,447590,4.4759,5000,1.0,5000,1.0,1044.40225,1.568401,2.559055,1111.130428
p100_a040_s43,100,0.4,43,100000,5000,5000,4,2500,0,2500,100000,0.4,0.4,0.0,2496,9,452,447384,4.47384,5000,1.0,5000,1.0,961.771952,1.379825,2.33241,1048.10698
p100_a040_s44,100,0.4,44,100000,5000,5000,4,2500,0,2500,100000,0.4,0.4,0.0,2496,9,452,447445,4.47445,5000,1.0,5000,1.0,959.427539,1.349735,2.439506,1041.064686
p100_a040_s45,100,0.4,45,100000,5000,5000,4,2500,0,2500,100000,0.4,0.4,0.0,2496,9,452,447571,4.47571,5000,1.0,5000,1.0,958.078074,1.369008,2.368326,1021.149016
p100_a040_s46,100,0.4,46,100000,5000,5000,4,2500,0,2500,100000,0.4,0.4,0.0,2496,9,452,447522,4.47522,5000,1.0,5000,1.0,957.115312,1.351067,2.243536,1020.494309
p100_a050_s42,100,0.5,42,100000,5000,5000,4,1966,34,2000,100000,0.5,0.5,1.7,1962,8,942,451842,4.51842,5013,1.0026,5172,1.0344,796.027051,1.653174,2.810267,859.324199
p100_a050_s43,100,0.5,43,100000,5000,5000,4,1975,25,2000,100000,0.5,0.5,1.25,1971,8,951,453471,4.53471,5008,1.0016,5116,1.0232,771.382978,1.520737,2.79216,837.521988
p100_a050_s44,100,0.5,44,100000,5000,5000,4,1967,33,2000,100000,0.5,0.5,1.65,1963,8,943,452488,4.52488,5012,1.0024,5178,1.0356,797.955542,1.838874,2.869511,877.622181
p100_a050_s45,100,0.5,45,100000,5000,5000,4,1961,39,2000,100000,0.5,0.5,1.95,1957,8,937,451366,4.51366,5013,1.0026,5183,1.0366,812.980515,1.733311,2.805445,877.152935
p100_a050_s46,100,0.5,46,100000,5000,5000,4,1971,29,2000,100000,0.5,0.5,1.45,1967,8,947,451798,4.51798,5010,1.002,5150,1.03,789.234381,1.610462,2.729363,868.045125
p100_a060_s42,100,0.6,42,100000,5000,5000,4,1466,243,1709,100000,0.585138,0.585138,14.218841,1462,8,442,460942,4.60942,5079,1.0158,6252,1.2504,659.912423,1.991753,3.717813,738.53294
p100_a060_s43,100,0.6,43,100000,5000,5000,4,1452,239,1691,100000,0.591366,0.591366,14.133649,1448,8,428,460385,4.60385,5090,1.018,6098,1.2196,665.305716,2.00161,3.796411,737.74612
p100_a060_s44,100,0.6,44,100000,5000,5000,4,1466,210,1676,100000,0.596659,0.596659,12.529833,1462,8,442,460642,4.60642,5074,1.0148,6040,1.208,646.287401,1.985361,3.748568,722.866737
p100_a060_s45,100,0.6,45,100000,5000,5000,4,1464,229,1693,100000,0.590667,0.590667,13.526285,1460,8,440,460958,4.60958,5072,1.0144,6130,1.226,645.641194,1.939528,3.695605,711.303132
p100_a060_s46,100,0.6,46,100000,5000,5000,4,1471,211,1682,100000,0.59453,0.59453,12.54459,1467,8,447,459532,4.59532,5063,1.0126,6035,1.207,678.883198,2.189399,3.91012,756.949839
p100_a075_s42,100,0.75,42,100000,5000,5000,4,1115,367,1482,100000,0.674764,0.674764,24.763833,1111,8,91,549192,5.49192,5129,1.0258,6874,1.3748,512.29824,2.326401,4.473276,591.21892
p100_a075_s43,100,0.75,43,100000,5000,5000,4,1111,355,1466,100000,0.682128,0.682128,24.215553,1107,8,87,551723,5.51723,5133,1.0266,6714,1.3428,513.755027,2.30543,4.20531,595.025454
p100_a075_s44,100,0.75,44,100000,5000,5000,4,1121,345,1466,100000,0.682128,0.682128,23.533424,1117,8,97,550623,5.50623,5127,1.0254,6682,1.3364,502.178871,2.262718,4.337571,580.212428
p100_a075_s45,100,0.75,45,100000,5000,5000,4,1119,368,1487,100000,0.672495,0.672495,24.747814,1115,8,95,551349,5.51349,5123,1.0246,6808,1.3616,512.414439,2.368787,4.239437,600.169702
p100_a075_s46,100,0.75,46,100000,5000,5000,4,1118,355,1473,100000,0.678887,0.678887,24.100475,1114,8,94,552340,5.5234,5114,1.0228,6727,1.3454,503.468954,2.452558,4.515658,583.662957
p100_a080_s42,100,0.8,42,100000,5000,5000,4,1041,391,1432,100000,0.698324,0.698324,27.304469,1037,8,17,587773,5.87773,5139,1.0278,6972,1.3944,478.5491,2.334808,4.554682,558.090335
p100_a080_s43,100,0.8,43,100000,5000,5000,4,1033,381,1414,100000,0.707214,0.707214,26.944837,1029,8,9,591377,5.91377,5147,1.0294,6851,1.3702,457.050328,2.280516,4.550251,538.978409
p100_a080_s44,100,0.8,44,100000,5000,5000,4,1038,375,1413,100000,0.707714,0.707714,26.539278,1034,8,14,590527,5.90527,5142,1.0284,6832,1.3664,467.964723,2.47147,4.681889,535.865286
p100_a080_s45,100,0.8,45,100000,5000,5000,4,1039,397,1436,100000,0.696379,0.696379,27.64624,1035,8,15,590572,5.90572,5129,1.0258,6945,1.389,462.716106,2.323018,4.514082,546.486857
p100_a080_s46,100,0.8,46,100000,5000,5000,4,1035,388,1423,100000,0.702741,0.702741,27.266339,1031,8,11,592549,5.92549,5119,1.0238,6886,1.3772,476.982001,2.508297,4.543881,560.821972
p100_a090_s42,100,0.9,42,100000,5000,5000,4,354,796,1150,100000,0.869565,0.869565,69.217391,350,6,98,983608,9.83608,10552,2.1104,17967,3.5934,422.439874,7.08488,13.960029,523.482981
p100_a090_s43,100,0.9,43,100000,5000,5000,4,326,802,1128,100000,0.886525,0.886525,71.099291,322,6,70,977263,9.77263,11092,2.2184,18927,3.7854,424.818723,7.684113,15.232291,526.462811
p100_a090_s44,100,0.9,44,100000,5000,5000,4,342,785,1127,100000,0.887311,0.887311,69.653949,338,6,86,1026283,10.26283,10708,2.1416,17930,3.586,435.921575,7.439204,14.404226,535.231707
p100_a090_s45,100,0.9,45,100000,5000,5000,4,365,786,1151,100000,0.86881,0.86881,68.288445,361,6,109,1027449,10.27449,10385,2.077,17532,3.5064,435.308881,6.852909,13.502543,535.069699
p100_a090_s46,100,0.9,46,100000,5000,5000,4,342,802,1144,100000,0.874126,0.874126,70.104895,338,6,86,1033279,10.33279,10758,2.1516,18472,3.6944,432.632345,7.003485,14.087778,529.640596
p100_a095_s42,100,0.95,42,100000,5000,5000,4,122,935,1057,100000,0.946074,0.946074,88.4579,118,4,58,1842776,18.42776,24101,4.8202,45217,9.0434,717.113244,18.308815,35.309664,850.719851
p100_a095_s43,100,0.95,43,100000,5000,5000,4,128,927,1055,100000,0.947867,0.947867,87.867299,124,5,0,1938428,19.38428,21978,4.3956,41219,8.2438,751.475058,16.753331,32.859037,859.892314
p100_a095_s44,100,0.95,44,100000,5000,5000,4,129,925,1054,100000,0.948767,0.948767,87.760911,125,5,1,1969017,19.69017,22079,4.4158,40963,8.1926,768.64434,15.935669,31.783962,876.295774
p100_a095_s45,100,0.95,45,100000,5000,5000,4,135,924,1059,100000,0.944287,0.944287,87.252125,131,5,7,1893872,18.93872,21744,4.3488,40144,8.0288,733.518501,16.370428,31.653136,852.22074
p100_a095_s46,100,0.95,46,100000,5000,5000,4,127,928,1055,100000,0.947867,0.947867,87.962085,123,4,63,1902693,19.02693,22333,4.4666,41900,8.38,742.047515,18.051451,34.747281,873.687516
